﻿state_abbr,state_name,rep_map,rep_map_r_districts,rep_map_d_districts,rep_map_c_districts,rep_map_avg_r_chances,rep_map_avg_d_chances,rep_map_median_pvi,dem_map,dem_map_r_districts,dem_map_d_districts,dem_map_c_districts,dem_map_avg_r_chances,dem_map_avg_d_chances,dem_map_median_pvi,com_map,com_map_r_districts,com_map_d_districts,com_map_c_districts,com_map_avg_r_chances,com_map_avg_d_chances,com_map_median_pvi
AK,Alaska,https://projects.fivethirtyeight.com/redistricting-2022-maps/alaska/,1,0,0,0.914728471,0.085271529,-14.62028,https://projects.fivethirtyeight.com/redistricting-2022-maps/alaska/,1,0,0,0.914728471,0.085271529,-14.62028,https://projects.fivethirtyeight.com/redistricting-2022-maps/alaska/,1,0,0,0.914728471,0.085271529,-14.62028
AL,Alabama,https://projects.fivethirtyeight.com/redistricting-2022-maps/alabama/committee_proposal_1/,6,1,0,0.855632541,0.144367459,-3.989967746,https://projects.fivethirtyeight.com/redistricting-2022-maps/alabama/plaintiffs_plan_c/,5,2,0,0.738228518,0.261771482,-14.80530033,https://projects.fivethirtyeight.com/redistricting-2022-maps/alabama/plaintiffs_plan_c/,5,2,0,0.738228518,0.261771482,-14.80530033
AR,Arkansas,https://projects.fivethirtyeight.com/redistricting-2022-maps/arkansas/sb723/,4,0,0,0.990880306,0.009119694,-0.261231718,https://projects.fivethirtyeight.com/redistricting-2022-maps/arkansas/hb1962/,3,0,1,0.845717809,0.154282191,-7.462783925,https://projects.fivethirtyeight.com/redistricting-2022-maps/arkansas/hb1962/,3,0,1,0.845717809,0.154282191,-7.462783925
AZ,Arizona,https://projects.fivethirtyeight.com/redistricting-2022-maps/arizona/draft_12_1/,6,2,1,0.662640439,0.337359561,-1.041590749,https://projects.fivethirtyeight.com/redistricting-2022-maps/arizona/preliminary_2/,4,3,2,0.56814246,0.43185754,4.290195881,https://projects.fivethirtyeight.com/redistricting-2022-maps/arizona/preliminary_3/,4,2,3,0.623240532,0.376759468,4.080982966
CA,California,https://projects.fivethirtyeight.com/redistricting-2022-maps/california/commission_draft_plan/,7,39,6,0.187300572,0.812699428,3.139152335,https://projects.fivethirtyeight.com/redistricting-2022-maps/california/commission_approved/,7,43,2,0.177906395,0.822093605,3.169976837,https://projects.fivethirtyeight.com/redistricting-2022-maps/california/commission_draft_plan/,7,39,6,0.187300572,0.812699428,3.139152335
CO,Colorado,https://projects.fivethirtyeight.com/redistricting-2022-maps/colorado/final_plan/,3,4,1,0.478351609,0.521648391,-5.041582356,https://projects.fivethirtyeight.com/redistricting-2022-maps/colorado/preliminary/,3,4,1,0.44956525,0.55043475,-1.831909089,https://projects.fivethirtyeight.com/redistricting-2022-maps/colorado/staff_plan_1/,3,3,2,0.474370008,0.525629992,-5.939080198
CT,Connecticut,https://projects.fivethirtyeight.com/redistricting-2022-maps/connecticut/republican_2/,0,3,2,0.229698989,0.770301011,0.865373694,https://projects.fivethirtyeight.com/redistricting-2022-maps/connecticut/democratic_1/,0,3,2,0.186666752,0.813333248,0.521623427,https://projects.fivethirtyeight.com/redistricting-2022-maps/connecticut/republican_2/,0,3,2,0.229698989,0.770301011,0.865373694
DE,Delaware,https://projects.fivethirtyeight.com/redistricting-2022-maps/delaware/,0,1,0,0.097314784,0.902685216,13.7246,https://projects.fivethirtyeight.com/redistricting-2022-maps/delaware/,0,1,0,0.097314784,0.902685216,13.7246,https://projects.fivethirtyeight.com/redistricting-2022-maps/delaware/,0,1,0,0.097314784,0.902685216,13.7246
FL,Florida,https://projects.fivethirtyeight.com/redistricting-2022-maps/florida/P000C0094/,18,8,2,0.663498397,0.336501603,-6.204782102,https://projects.fivethirtyeight.com/redistricting-2022-maps/florida/S019C8052/,15,9,4,0.612070784,0.387929216,-2.128038551,https://projects.fivethirtyeight.com/redistricting-2022-maps/florida/S035C8060/,14,8,6,0.612746982,0.387253018,-0.053595953
GA,Georgia,https://projects.fivethirtyeight.com/redistricting-2022-maps/georgia/draft_plan/,9,4,1,0.668534615,0.331465385,-11.01034254,https://projects.fivethirtyeight.com/redistricting-2022-maps/georgia/dem_proposal/,7,6,1,0.566435829,0.433564171,0.90144633,https://projects.fivethirtyeight.com/redistricting-2022-maps/georgia/dem_proposal/,7,6,1,0.566435829,0.433564171,0.90144633
HI,Hawaii,https://projects.fivethirtyeight.com/redistricting-2022-maps/hawaii/current/,0,2,0,0.005816598,0.994183402,0.17483,https://projects.fivethirtyeight.com/redistricting-2022-maps/hawaii/alternate/,0,2,0,0.00581582,0.99418418,0.031832855,https://projects.fivethirtyeight.com/redistricting-2022-maps/hawaii/current/,0,2,0,0.005816598,0.994183402,0.17483
IA,Iowa,https://projects.fivethirtyeight.com/redistricting-2022-maps/iowa/plan_2/,2,0,2,0.737316979,0.262683021,4.908000005,https://projects.fivethirtyeight.com/redistricting-2022-maps/iowa/plan_1/,2,1,1,0.669978014,0.330021986,3.084555039,https://projects.fivethirtyeight.com/redistricting-2022-maps/iowa/plan_2/,2,0,2,0.737316979,0.262683021,4.908000005
ID,Idaho,https://projects.fivethirtyeight.com/redistricting-2022-maps/idaho/draft_plan_1/,2,0,0,0.993535095,0.006464905,0.630217404,https://projects.fivethirtyeight.com/redistricting-2022-maps/idaho/draft_plan_2/,2,0,0,0.99210742,0.00789258,-0.427574804,https://projects.fivethirtyeight.com/redistricting-2022-maps/idaho/draft_plan_2/,2,0,0,0.99210742,0.00789258,-0.427574804
IL,Illinois,https://projects.fivethirtyeight.com/redistricting-2022-maps/illinois/democratic_plan_1/,3,11,3,0.290496053,0.709503947,-3.470958712,https://projects.fivethirtyeight.com/redistricting-2022-maps/illinois/democratic_plan_2/,3,13,1,0.255093253,0.744906747,-1.046905519,https://projects.fivethirtyeight.com/redistricting-2022-maps/illinois/democratic_plan_1/,3,11,3,0.290496053,0.709503947,-3.470958712
IN,Indiana,https://projects.fivethirtyeight.com/redistricting-2022-maps/indiana/republican_proposal/,7,2,0,0.799299523,0.200700477,-9.956476042,https://projects.fivethirtyeight.com/redistricting-2022-maps/indiana/republican_proposal/,7,2,0,0.799299523,0.200700477,-9.956476042,https://projects.fivethirtyeight.com/redistricting-2022-maps/indiana/republican_proposal/,7,2,0,0.799299523,0.200700477,-9.956476042
KS,Kansas,https://projects.fivethirtyeight.com/redistricting-2022-maps/kansas/ad_astra_2/,3,0,1,0.89346422,0.10653578,-3.415586556,https://projects.fivethirtyeight.com/redistricting-2022-maps/kansas/buffalo_2/,3,1,0,0.783967853,0.216032147,2.177499904,https://projects.fivethirtyeight.com/redistricting-2022-maps/kansas/wildcat/,3,0,1,0.805259598,0.194740402,-2.492594896
KY,Kentucky,https://projects.fivethirtyeight.com/redistricting-2022-maps/kentucky/sb3/,5,1,0,0.820261006,0.179738994,-8.577937084,https://projects.fivethirtyeight.com/redistricting-2022-maps/kentucky/sb3/,5,1,0,0.820261006,0.179738994,-8.577937084,https://projects.fivethirtyeight.com/redistricting-2022-maps/kentucky/sb3/,5,1,0,0.820261006,0.179738994,-8.577937084
LA,Louisiana,https://projects.fivethirtyeight.com/redistricting-2022-maps/louisiana/sb2_special/,5,1,0,0.82787385,0.17212615,-13.59622179,https://projects.fivethirtyeight.com/redistricting-2022-maps/louisiana/sb4/,4,2,0,0.666810977,0.333189023,-11.37729612,https://projects.fivethirtyeight.com/redistricting-2022-maps/louisiana/sb4/,4,2,0,0.666810977,0.333189023,-11.37729612
MA,Massachusetts,https://projects.fivethirtyeight.com/redistricting-2022-maps/massachusetts/proposal_1/,0,9,0,0.015956112,0.984043888,-4.93433418,https://projects.fivethirtyeight.com/redistricting-2022-maps/massachusetts/proposal_1/,0,9,0,0.015956112,0.984043888,-4.93433418,https://projects.fivethirtyeight.com/redistricting-2022-maps/massachusetts/proposal_1/,0,9,0,0.015956112,0.984043888,-4.93433418
MD,Maryland,https://projects.fivethirtyeight.com/redistricting-2022-maps/maryland/draft_plan_2/,2,6,0,0.255334974,0.744665026,7.475915039,https://projects.fivethirtyeight.com/redistricting-2022-maps/maryland/draft_concept_3/,0,7,1,0.118735406,0.881264594,-6.227853829,https://projects.fivethirtyeight.com/redistricting-2022-maps/maryland/SB1012/,1,6,1,0.221655082,0.778344918,-5.05914106
ME,Maine,https://projects.fivethirtyeight.com/redistricting-2022-maps/maine/republican_proposal/,1,1,0,0.460721927,0.539278073,-1.32710026,https://projects.fivethirtyeight.com/redistricting-2022-maps/maine/democratic_proposal/,1,1,0,0.455465219,0.544534781,-1.340920404,https://projects.fivethirtyeight.com/redistricting-2022-maps/maine/republican_proposal/,1,1,0,0.460721927,0.539278073,-1.32710026
MI,Michigan,https://projects.fivethirtyeight.com/redistricting-2022-maps/michigan/first_proposal/,8,4,1,0.605911666,0.394088334,-6.085331858,https://projects.fivethirtyeight.com/redistricting-2022-maps/michigan/szetela/,5,5,3,0.531370756,0.468629244,0.108511915,https://projects.fivethirtyeight.com/redistricting-2022-maps/michigan/szetela/,5,5,3,0.531370756,0.468629244,0.108511915
MN,Minnesota,https://projects.fivethirtyeight.com/redistricting-2022-maps/minnesota/plan_c21020/,5,3,0,0.590537466,0.409462534,-15.75188945,https://projects.fivethirtyeight.com/redistricting-2022-maps/minnesota/sachs/,4,4,0,0.501091822,0.498908178,-2.813603246,https://projects.fivethirtyeight.com/redistricting-2022-maps/minnesota/wattson/,4,3,1,0.542701775,0.457298225,-7.696944353
MO,Missouri,https://projects.fivethirtyeight.com/redistricting-2022-maps/missouri/senate_amendment_1/,7,1,0,0.853886565,0.146113435,-1.907473941,https://projects.fivethirtyeight.com/redistricting-2022-maps/missouri/senate_amendment_2/,6,2,0,0.735915981,0.264084019,-17.47153186,https://projects.fivethirtyeight.com/redistricting-2022-maps/missouri/senate_amendment_2/,6,2,0,0.735915981,0.264084019,-17.47153186
MS,Mississippi,https://projects.fivethirtyeight.com/redistricting-2022-maps/mississippi/plan_1/,3,1,0,0.752233994,0.247766006,-11.3518423,https://projects.fivethirtyeight.com/redistricting-2022-maps/mississippi/plan_1/,3,1,0,0.752233994,0.247766006,-11.3518423,https://projects.fivethirtyeight.com/redistricting-2022-maps/mississippi/plan_1/,3,1,0,0.752233994,0.247766006,-11.3518423
MT,Montana,https://projects.fivethirtyeight.com/redistricting-2022-maps/montana/proposal_07/,2,0,0,0.955306594,0.044693406,0.306018016,https://projects.fivethirtyeight.com/redistricting-2022-maps/montana/proposal_08/,1,0,1,0.814663997,0.185336003,-0.033517572,https://projects.fivethirtyeight.com/redistricting-2022-maps/montana/proposal_08/,1,0,1,0.814663997,0.185336003,-0.033517572
NC,North Carolina,https://projects.fivethirtyeight.com/redistricting-2022-maps/north-carolina/cst_2/,11,3,0,0.718146086,0.281853914,-10.66140333,https://projects.fivethirtyeight.com/redistricting-2022-maps/north-carolina/cst_6/,6,6,2,0.56207917,0.43792083,0.437700272,https://projects.fivethirtyeight.com/redistricting-2022-maps/north-carolina/cst_10/,6,4,4,0.567703612,0.432296388,0.564065764
ND,North Dakota,https://projects.fivethirtyeight.com/redistricting-2022-maps/north-dakota/,1,0,0,0.997633799,0.002366201,-37.24163,https://projects.fivethirtyeight.com/redistricting-2022-maps/north-dakota/,1,0,0,0.997633799,0.002366201,-37.24163,https://projects.fivethirtyeight.com/redistricting-2022-maps/north-dakota/,1,0,0,0.997633799,0.002366201,-37.24163
NE,Nebraska,https://projects.fivethirtyeight.com/redistricting-2022-maps/nebraska/republican_plan/,2,0,1,0.855262986,0.144737014,7.911627902,https://projects.fivethirtyeight.com/redistricting-2022-maps/nebraska/democratic_plan/,2,0,1,0.811716004,0.188283996,5.988421789,https://projects.fivethirtyeight.com/redistricting-2022-maps/nebraska/democratic_plan/,2,0,1,0.811716004,0.188283996,5.988421789
NH,New Hampshire,https://projects.fivethirtyeight.com/redistricting-2022-maps/new-hampshire/i93_corridor/,1,1,0,0.491626919,0.508373081,-0.027607069,https://projects.fivethirtyeight.com/redistricting-2022-maps/new-hampshire/committee_of_conference/,1,1,0,0.481390883,0.518609117,0.264523045,https://projects.fivethirtyeight.com/redistricting-2022-maps/new-hampshire/governors_proposal/,0,0,2,0.484871585,0.515128415,0.057562358
NJ,New Jersey,https://projects.fivethirtyeight.com/redistricting-2022-maps/new-jersey/commission_adopted/,2,9,1,0.266866009,0.733133991,1.107871005,https://projects.fivethirtyeight.com/redistricting-2022-maps/new-jersey/commission_adopted/,2,9,1,0.266866009,0.733133991,1.107871005,https://projects.fivethirtyeight.com/redistricting-2022-maps/new-jersey/commission_adopted/,2,9,1,0.266866009,0.733133991,1.107871005
NM,New Mexico,https://projects.fivethirtyeight.com/redistricting-2022-maps/new-mexico/concept_d/,1,2,0,0.410999401,0.589000599,-1.320462312,https://projects.fivethirtyeight.com/redistricting-2022-maps/new-mexico/concept_h/,0,2,1,0.28426912,0.71573088,0.146184256,https://projects.fivethirtyeight.com/redistricting-2022-maps/new-mexico/democratic_proposal/,0,1,2,0.278755142,0.721244858,-3.323878839
NV,Nevada,https://projects.fivethirtyeight.com/redistricting-2022-maps/nevada/republican_plan/,2,2,0,0.516254636,0.483745364,-0.514495562,https://projects.fivethirtyeight.com/redistricting-2022-maps/nevada/republican_plan/,2,2,0,0.516254636,0.483745364,-0.514495562,https://projects.fivethirtyeight.com/redistricting-2022-maps/nevada/legislature_plan/,1,1,2,0.489877216,0.510122784,5.471618794
NY,New York,https://projects.fivethirtyeight.com/redistricting-2022-maps/new-york/names_plan/,8,15,3,0.338251634,0.661748366,-4.542858712,https://projects.fivethirtyeight.com/redistricting-2022-maps/new-york/amended_democratic_proposal/,4,20,2,0.23412332,0.76587668,-6.014141443,https://projects.fivethirtyeight.com/redistricting-2022-maps/new-york/dunn_3/,6,15,5,0.321756566,0.678243434,-5.685347803
OH,Ohio,https://projects.fivethirtyeight.com/redistricting-2022-maps/ohio/senate_gop_proposal/,13,2,0,0.782850808,0.217149192,-0.957511253,https://projects.fivethirtyeight.com/redistricting-2022-maps/ohio/revised_democratic_plan/,8,4,3,0.637392182,0.362607818,3.608566603,https://projects.fivethirtyeight.com/redistricting-2022-maps/ohio/revised_democratic_plan/,8,4,3,0.637392182,0.362607818,3.608566603
OK,Oklahoma,https://projects.fivethirtyeight.com/redistricting-2022-maps/oklahoma/proposal_1/,5,0,0,0.993269434,0.006730566,1.835970412,https://projects.fivethirtyeight.com/redistricting-2022-maps/oklahoma/democratic_proposal/,5,0,0,0.954376465,0.045623535,-2.039700079,https://projects.fivethirtyeight.com/redistricting-2022-maps/oklahoma/democratic_proposal/,5,0,0,0.954376465,0.045623535,-2.039700079
OR,Oregon,https://projects.fivethirtyeight.com/redistricting-2022-maps/oregon/plan_b/,1,2,3,0.430187113,0.569812887,-10.33064007,https://projects.fivethirtyeight.com/redistricting-2022-maps/oregon/plan_a/,1,5,0,0.253565906,0.746434094,-0.389445827,https://projects.fivethirtyeight.com/redistricting-2022-maps/oregon/plan_b/,1,2,3,0.430187113,0.569812887,-10.33064007
PA,Pennsylvania,https://projects.fivethirtyeight.com/redistricting-2022-maps/pennsylvania/voters_of_commonwealth/,9,5,3,0.605304608,0.394695392,-7.036204388,https://projects.fivethirtyeight.com/redistricting-2022-maps/pennsylvania/house_dem/,7,8,2,0.528842692,0.471157308,2.296690054,https://projects.fivethirtyeight.com/redistricting-2022-maps/pennsylvania/senate_dem_2/,8,5,4,0.563531681,0.436468319,2.266046598
RI,Rhode Island,https://projects.fivethirtyeight.com/redistricting-2022-maps/rhode-island/alternative_a/,0,2,0,0.034712003,0.965287997,0.439693768,https://projects.fivethirtyeight.com/redistricting-2022-maps/rhode-island/plan_b/,0,2,0,0.034575163,0.965424837,0.445364879,https://projects.fivethirtyeight.com/redistricting-2022-maps/rhode-island/alternative_a/,0,2,0,0.034712003,0.965287997,0.439693768
SC,South Carolina,https://projects.fivethirtyeight.com/redistricting-2022-maps/south-carolina/senate_draft/,6,1,0,0.840097129,0.159902871,-7.035547452,https://projects.fivethirtyeight.com/redistricting-2022-maps/south-carolina/senate_amended_2/,5,1,1,0.793989375,0.206010625,-11.80598502,https://projects.fivethirtyeight.com/redistricting-2022-maps/south-carolina/senate_amended_2/,5,1,1,0.793989375,0.206010625,-11.80598502
SD,South Dakota,https://projects.fivethirtyeight.com/redistricting-2022-maps/south-dakota/,1,0,0,0.994684646,0.005315354,-32.23668,https://projects.fivethirtyeight.com/redistricting-2022-maps/south-dakota/,1,0,0,0.994684646,0.005315354,-32.23668,https://projects.fivethirtyeight.com/redistricting-2022-maps/south-dakota/,1,0,0,0.994684646,0.005315354,-32.23668
TN,Tennessee,https://projects.fivethirtyeight.com/redistricting-2022-maps/tennessee/committee_recommendation/,8,1,0,0.87635757,0.12364243,-6.581620472,https://projects.fivethirtyeight.com/redistricting-2022-maps/tennessee/democratic_proposal/,7,2,0,0.778875622,0.221124378,-10.37953354,https://projects.fivethirtyeight.com/redistricting-2022-maps/tennessee/democratic_proposal/,7,2,0,0.778875622,0.221124378,-10.37953354
TX,Texas,https://projects.fivethirtyeight.com/redistricting-2022-maps/texas/house_passed/,24,12,2,0.647064356,0.352935644,-12.17520734,https://projects.fivethirtyeight.com/redistricting-2022-maps/texas/draft_plan_1/,24,13,1,0.644004092,0.355995908,-11.98938325,https://projects.fivethirtyeight.com/redistricting-2022-maps/texas/house_passed/,24,12,2,0.647064356,0.352935644,-12.17520734
UT,Utah,https://projects.fivethirtyeight.com/redistricting-2022-maps/utah/legislative_committee_proposal_2/,4,0,0,0.984562957,0.015437043,0.989934898,https://projects.fivethirtyeight.com/redistricting-2022-maps/utah/purple_3_3/,3,1,0,0.763596688,0.236403312,-9.480970811,https://projects.fivethirtyeight.com/redistricting-2022-maps/utah/purple_3_3/,3,1,0,0.763596688,0.236403312,-9.480970811
VA,Virginia,https://projects.fivethirtyeight.com/redistricting-2022-maps/virginia/commission_plan_a5/,6,5,0,0.506015904,0.493984096,-10.58923663,https://projects.fivethirtyeight.com/redistricting-2022-maps/virginia/commission_plan_b5/,4,6,1,0.43852225,0.56147775,1.133460918,https://projects.fivethirtyeight.com/redistricting-2022-maps/virginia/commission_plan_c1_b/,4,5,2,0.450332284,0.549667716,-3.431905522
VT,Vermont,https://projects.fivethirtyeight.com/redistricting-2022-maps/vermont/,0,1,0,0.011306021,0.988693979,27.54904,https://projects.fivethirtyeight.com/redistricting-2022-maps/vermont/,0,1,0,0.011306021,0.988693979,27.54904,https://projects.fivethirtyeight.com/redistricting-2022-maps/vermont/,0,1,0,0.011306021,0.988693979,27.54904
WA,Washington,https://projects.fivethirtyeight.com/redistricting-2022-maps/washington/house_republican_caucus/,4,5,1,0.428052609,0.571947391,-8.361023869,https://projects.fivethirtyeight.com/redistricting-2022-maps/washington/house_democratic_caucus/,3,7,0,0.348358486,0.651641514,-2.527002202,https://projects.fivethirtyeight.com/redistricting-2022-maps/washington/senate_republican_caucus/,3,5,2,0.411264753,0.588735247,-7.696497069
WI,Wisconsin,https://projects.fivethirtyeight.com/redistricting-2022-maps/wisconsin/sb622/,6,2,0,0.705249808,0.294750192,-12.56109596,https://projects.fivethirtyeight.com/redistricting-2022-maps/wisconsin/commission_plan_b/,5,3,0,0.603105087,0.396894913,-5.949413824,https://projects.fivethirtyeight.com/redistricting-2022-maps/wisconsin/commission_final/,5,2,1,0.639597491,0.360402509,-7.394393796
WV,West Virginia,https://projects.fivethirtyeight.com/redistricting-2022-maps/west-virginia/trump_3/,2,0,0,0.99644104,0.00355896,0.800180405,https://projects.fivethirtyeight.com/redistricting-2022-maps/west-virginia/jeffries_3/,2,0,0,0.992771872,0.007228128,-0.575736597,https://projects.fivethirtyeight.com/redistricting-2022-maps/west-virginia/jeffries_3/,2,0,0,0.992771872,0.007228128,-0.575736597
WY,Wyoming,https://projects.fivethirtyeight.com/redistricting-2022-maps/wyoming/,1,0,0,0.999687657,3.12E-04,-49.73126,https://projects.fivethirtyeight.com/redistricting-2022-maps/wyoming/,1,0,0,0.999687657,3.12E-04,-49.73126,https://projects.fivethirtyeight.com/redistricting-2022-maps/wyoming/,1,0,0,0.999687657,3.12E-04,-49.73126