rank,prev_rank,name,league,off,def,spi
1,1,Manchester City,Barclays Premier League,2.9,0.26,92.89
2,2,Bayern Munich,German Bundesliga,3.44,0.5,92.82
3,4,Barcelona,Spanish Primera Division,2.62,0.38,88.98
4,3,Paris Saint-Germain,French Ligue 1,2.98,0.62,87.97
5,5,Liverpool,Barclays Premier League,2.77,0.6,86.58
6,6,Real Madrid,Spanish Primera Division,2.62,0.56,85.75
7,7,Arsenal,Barclays Premier League,2.33,0.46,84.74
8,9,Napoli,Italy Serie A,2.6,0.7,83.06
9,8,Chelsea,Barclays Premier League,2.26,0.52,82.44
10,10,Ajax,Dutch Eredivisie,2.97,1.0,81.69
11,15,Manchester United,Barclays Premier League,2.33,0.66,80.54
12,16,FC Porto,Portuguese Liga,2.36,0.69,80.15
13,14,Internazionale,Italy Serie A,2.5,0.79,80.12
14,13,Tottenham Hotspur,Barclays Premier League,2.32,0.69,79.86
15,12,Benfica,Portuguese Liga,2.36,0.71,79.83
16,11,Borussia Dortmund,German Bundesliga,2.39,0.74,79.56
17,20,Newcastle,Barclays Premier League,2.15,0.6,79.29
18,18,Brighton and Hove Albion,Barclays Premier League,2.12,0.61,78.69
19,23,Zenit St Petersburg,Russian Premier Liga,2.16,0.66,78.12
20,19,RB Leipzig,German Bundesliga,2.39,0.81,78.08
21,24,AC Milan,Italy Serie A,2.28,0.75,77.83
22,17,Atletico Madrid,Spanish Primera Division,2.04,0.65,76.54
23,21,FC Salzburg,Austrian T-Mobile Bundesliga,2.16,0.77,75.66
24,29,Athletic Bilbao,Spanish Primera Division,1.94,0.63,75.53
25,28,West Ham United,Barclays Premier League,1.86,0.59,75.1
26,22,Villarreal,Spanish Primera Division,1.94,0.65,74.99
27,30,AS Roma,Italy Serie A,1.99,0.68,74.94
28,26,Stade Rennes,French Ligue 1,2.07,0.75,74.65
29,27,Marseille,French Ligue 1,1.97,0.7,74.27
30,31,PSV,Dutch Eredivisie,2.46,1.06,74.07
31,33,SC Freiburg,German Bundesliga,2.13,0.83,73.78
32,25,Real Sociedad,Spanish Primera Division,1.85,0.64,73.76
33,36,Eintracht Frankfurt,German Bundesliga,2.09,0.82,73.47
34,34,Lyon,French Ligue 1,2.06,0.82,72.84
35,32,Feyenoord,Dutch Eredivisie,2.25,0.97,72.77
36,37,Celtic,Scottish Premiership,2.37,1.06,72.58
37,42,Atalanta,Italy Serie A,1.99,0.81,72.05
38,39,Real Betis,Spanish Primera Division,1.75,0.64,71.9
39,40,Lille,French Ligue 1,1.94,0.79,71.8
40,38,Sporting CP,Portuguese Liga,1.98,0.84,71.2
41,51,Juventus,Italy Serie A,1.98,0.84,71.04
42,46,1. FC Union Berlin,German Bundesliga,1.73,0.66,70.93
43,41,Bayer Leverkusen,German Bundesliga,2.12,0.96,70.84
44,44,Mainz,German Bundesliga,2.0,0.88,70.49
45,45,TSG Hoffenheim,German Bundesliga,2.04,0.93,70.24
46,48,Lens,French Ligue 1,1.81,0.76,70.09
47,35,Aston Villa,Barclays Premier League,1.84,0.78,69.99
48,49,Flamengo,Brasileiro Série A,1.86,0.81,69.71
49,53,Fenerbahce,Turkish Turkcell Super Lig,2.28,1.15,69.25
50,57,AS Monaco,French Ligue 1,1.98,0.92,69.13
51,55,Fiorentina,Italy Serie A,1.93,0.89,69.11
52,59,Osasuna,Spanish Primera Division,1.7,0.71,69.11
53,43,Lazio,Italy Serie A,1.99,0.94,68.99
54,47,Valencia,Spanish Primera Division,1.83,0.82,68.92
55,61,Palmeiras,Brasileiro Série A,1.72,0.75,68.46
56,58,Leicester City,Barclays Premier League,1.9,0.9,68.4
57,54,Borussia Monchengladbach,German Bundesliga,2.15,1.09,68.33
58,56,Crystal Palace,Barclays Premier League,1.74,0.78,68.18
59,65,VfL Wolfsburg,German Bundesliga,1.94,0.94,68.04
60,60,Sevilla FC,Spanish Primera Division,1.7,0.78,67.48
61,66,FC Cologne,German Bundesliga,1.98,1.0,67.37
62,62,Rangers,Scottish Premiership,2.04,1.06,67.24
63,52,Celta Vigo,Spanish Primera Division,1.71,0.8,67.08
64,71,FC Twente,Dutch Eredivisie,1.83,0.9,66.87
65,50,Club Brugge,Belgian Jupiler League,2.09,1.11,66.86
66,67,Rayo Vallecano,Spanish Primera Division,1.74,0.84,66.73
67,64,Brentford,Barclays Premier League,1.9,0.97,66.69
68,63,Genk,Belgian Jupiler League,2.1,1.13,66.5
69,68,Club América,Mexican Primera Division Torneo Apertura,1.89,0.97,66.34
70,69,Udinese,Italy Serie A,1.86,0.95,66.31
71,72,Braga,Portuguese Liga,1.74,0.89,65.36
72,81,Leeds United,Barclays Premier League,1.84,0.98,65.27
73,76,VfB Stuttgart,German Bundesliga,1.94,1.06,65.16
74,78,Torino,Italy Serie A,1.64,0.83,64.79
75,77,Werder Bremen,German Bundesliga,1.85,1.01,64.73
76,74,Wolverhampton,Barclays Premier League,1.63,0.83,64.61
77,83,Atletico Mineiro,Brasileiro Série A,1.48,0.73,64.17
78,79,Mallorca,Spanish Primera Division,1.56,0.8,64.02
79,73,Everton,Barclays Premier League,1.65,0.87,64.01
80,80,Slavia Prague,UEFA Europa Conference League,1.84,1.05,63.54
81,82,Young Boys,Swiss Raiffeisen Super League,2.03,1.22,63.46
82,70,AZ,Dutch Eredivisie,1.89,1.11,63.2
83,87,Southampton,Barclays Premier League,1.7,0.97,62.85
84,88,Getafe,Spanish Primera Division,1.48,0.78,62.84
85,91,Nice,French Ligue 1,1.59,0.87,62.7
86,84,Strasbourg,French Ligue 1,1.72,0.99,62.6
87,85,Hertha Berlin,German Bundesliga,1.72,1.01,62.11
88,75,Dinamo Zagreb,UEFA Champions League,1.79,1.07,62.0
89,94,Girona FC,Spanish Primera Division,1.73,1.02,62.0
90,90,Monterrey,Mexican Primera Division Torneo Apertura,1.64,0.95,61.98
91,93,Espanyol,Spanish Primera Division,1.65,0.97,61.6
92,86,Sassuolo,Italy Serie A,1.84,1.14,61.54
93,96,Fulham,Barclays Premier League,1.81,1.11,61.51
94,89,São Paulo,Brasileiro Série A,1.56,0.9,61.21
95,95,Tigres UANL,Mexican Primera Division Torneo Apertura,1.57,0.94,60.68
96,100,Pachuca,Mexican Primera Division Torneo Apertura,1.66,1.02,60.66
97,99,Internacional,Brasileiro Série A,1.59,0.97,60.35
98,98,Shakhtar Donetsk,UEFA Champions League,1.86,1.21,60.24
99,97,Spartak Moscow,Russian Premier Liga,1.79,1.16,60.0
100,105,Molde,Norwegian Tippeligaen,1.96,1.33,59.69
101,101,Union Saint Gilloise,Belgian Jupiler League,1.81,1.2,59.53
102,109,Almeria,Spanish Primera Division,1.64,1.04,59.5
103,92,Bodo/Glimt,Norwegian Tippeligaen,2.03,1.4,59.37
104,108,Fluminense,Brasileiro Série A,1.57,1.0,59.22
105,103,Red Star Belgrade,UEFA Europa League,1.76,1.18,59.07
106,102,Slovácko,UEFA Europa Conference League,1.79,1.22,58.58
107,104,Real Valladolid,Spanish Primera Division,1.56,1.06,57.37
108,107,Verona,Italy Serie A,1.65,1.16,57.08
109,106,FC Augsburg,German Bundesliga,1.76,1.26,57.07
110,111,Reims,French Ligue 1,1.49,1.01,56.93
111,116,CSKA Moscow,Russian Premier Liga,1.53,1.08,56.23
112,110,Lorient,French Ligue 1,1.57,1.13,56.16
113,112,Trabzonspor,Turkish Turkcell Super Lig,1.64,1.2,56.05
114,115,SK Sturm Graz,Austrian T-Mobile Bundesliga,1.57,1.13,55.87
115,113,Nantes,French Ligue 1,1.53,1.11,55.6
116,118,Philadelphia Union,Major League Soccer,1.71,1.28,55.55
117,127,Los Angeles FC,Major League Soccer,1.76,1.33,55.39
118,132,Sheffield United,English League Championship,1.56,1.15,55.21
119,131,Bologna,Italy Serie A,1.58,1.18,55.11
120,120,FC Utrecht,Dutch Eredivisie,1.77,1.35,55.1
121,117,AFC Bournemouth,Barclays Premier League,1.5,1.11,54.99
122,146,Troyes,French Ligue 1,1.67,1.28,54.62
123,125,Ferencvaros,UEFA Europa League,1.66,1.28,54.49
124,119,Norwich City,English League Championship,1.56,1.18,54.42
125,129,SC Dnipro-1,UEFA Europa Conference League,1.67,1.3,54.37
126,121,Corinthians,Brasileiro Série A,1.23,0.87,54.32
127,133,Burnley,English League Championship,1.43,1.07,54.28
128,124,Toulouse,French Ligue 1,1.57,1.2,54.24
129,128,Santos,Brasileiro Série A,1.31,0.96,54.23
130,122,Schalke 04,German Bundesliga,1.61,1.25,54.2
131,141,Dynamo Kiev,UEFA Europa League,1.56,1.2,53.99
132,114,Nottingham Forest,Barclays Premier League,1.5,1.15,53.95
133,164,Dinamo Moscow,Russian Premier Liga,1.63,1.27,53.89
134,152,FC Copenhagen,Danish SAS-Ligaen,1.53,1.18,53.85
135,142,Cadiz,Spanish Primera Division,1.48,1.13,53.79
136,135,River Plate,Argentina Primera Division,1.44,1.1,53.77
137,138,FK Partizan Belgrade,UEFA Europa Conference League,1.49,1.17,53.39
138,136,Istanbul Basaksehir,Turkish Turkcell Super Lig,1.34,1.02,53.35
139,140,Watford,English League Championship,1.49,1.16,53.32
140,123,VfL Bochum,German Bundesliga,1.67,1.34,53.23
141,126,Viktoria Plzen,UEFA Champions League,1.72,1.39,53.21
142,130,Bragantino,Brasileiro Série A,1.47,1.15,53.15
143,147,Steaua Bucuresti,UEFA Europa Conference League,1.53,1.21,53.12
144,151,Olympiacos,Greek Super League,1.43,1.11,53.04
145,137,Anderlecht,Belgian Jupiler League,1.62,1.31,53.0
146,167,Yokohama F. Marinos,Japanese J League,1.68,1.36,52.96
147,143,Montpellier,French Ligue 1,1.54,1.24,52.88
148,144,Elche,Spanish Primera Division,1.46,1.16,52.68
149,139,KAA Gent,Belgian Jupiler League,1.5,1.21,52.49
150,148,Guimaraes,Portuguese Liga,1.34,1.06,52.46
151,134,FC Midtjylland,Danish SAS-Ligaen,1.66,1.37,52.29
152,150,AC Ajaccio,French Ligue 1,1.31,1.03,52.24
153,172,Galatasaray,Turkish Turkcell Super Lig,1.43,1.15,52.17
154,155,América Mineiro,Brasileiro Série A,1.35,1.08,52.1
155,182,Panathinaikos,Greek Super League,1.3,1.03,52.02
156,154,Besiktas,Turkish Turkcell Super Lig,1.67,1.41,51.82
157,149,Monza,Italy Serie A,1.46,1.2,51.73
158,161,Brest,French Ligue 1,1.5,1.24,51.7
159,158,Vitesse,Dutch Eredivisie,1.53,1.27,51.69
160,153,FC Krasnodar,Russian Premier Liga,1.46,1.2,51.65
161,145,Antwerp,Belgian Jupiler League,1.5,1.24,51.64
162,159,New York City FC,Major League Soccer,1.6,1.35,51.62
163,163,Kawasaki Frontale,Japanese J League,1.73,1.48,51.61
164,160,Clermont Foot,French Ligue 1,1.46,1.21,51.52
165,165,Guadalajara,Mexican Primera Division Torneo Apertura,1.34,1.1,51.4
166,157,Fortaleza,Brasileiro Série A,1.25,1.02,51.19
167,178,Rosenborg,Norwegian Tippeligaen,1.92,1.69,51.07
168,162,Gil Vicente,Portuguese Liga,1.41,1.19,51.02
169,171,Sampdoria,Italy Serie A,1.4,1.18,50.81
170,166,Angers,French Ligue 1,1.47,1.25,50.78
171,173,Heerenveen,Dutch Eredivisie,1.46,1.24,50.74
172,169,Santos Laguna,Mexican Primera Division Torneo Apertura,1.64,1.43,50.68
173,170,Montreal Impact,Major League Soccer,1.56,1.36,50.6
174,174,Adana Demirspor,Turkish Turkcell Super Lig,1.55,1.35,50.46
175,156,FC Sheriff Tiraspol,UEFA Europa League,1.52,1.33,50.2
176,175,Lecce,Italy Serie A,1.3,1.11,49.99
177,185,Salernitana,Italy Serie A,1.51,1.34,49.85
178,179,Cremonese,Italy Serie A,1.48,1.3,49.83
179,196,AEK Athens,Greek Super League,1.38,1.21,49.65
180,183,Maccabi Haifa,UEFA Champions League,1.67,1.51,49.5
181,184,Portimonense,Portuguese Liga,1.28,1.12,49.35
182,176,West Bromwich Albion,English League Championship,1.3,1.15,49.24
183,168,Atlético Paranaense,Brasileiro Série A,1.27,1.12,49.11
184,181,Lech Poznan,UEFA Europa Conference League,1.34,1.19,49.04
185,193,Botafogo,Brasileiro Série A,1.2,1.06,48.95
186,207,LASK Linz,Austrian T-Mobile Bundesliga,1.63,1.51,48.72
187,177,Silkeborg,Danish SAS-Ligaen,1.67,1.55,48.69
188,191,Middlesbrough,English League Championship,1.28,1.16,48.45
189,199,Sparta,Dutch Eredivisie,1.45,1.34,48.32
190,188,Cruz Azul,Mexican Primera Division Torneo Apertura,1.4,1.3,48.21
191,200,Hapoel Be'er,UEFA Europa Conference League,1.46,1.36,48.21
192,189,Argentinos Juniors,Argentina Primera Division,1.2,1.08,48.2
193,190,Famalicao,Portuguese Liga,1.29,1.18,48.19
194,202,Rostov,Russian Premier Liga,1.5,1.4,48.09
195,180,RKC,Dutch Eredivisie,1.59,1.5,48.05
196,187,Ceará,Brasileiro Série A,1.14,1.04,47.91
197,206,FK Qarabag,UEFA Europa League,1.42,1.34,47.83
198,214,Rapid Vienna,Austrian T-Mobile Bundesliga,1.44,1.35,47.83
199,186,Millwall,English League Championship,1.29,1.2,47.61
200,205,Santa Clara,Portuguese Liga,1.17,1.08,47.38
201,194,Konyaspor,Turkish Turkcell Super Lig,1.25,1.18,47.12
202,204,NEC,Dutch Eredivisie,1.39,1.33,47.07
203,201,Luton Town,English League Championship,1.27,1.21,47.03
204,203,Vizela,Portuguese Liga,1.29,1.23,46.88
205,192,Empoli,Italy Serie A,1.46,1.43,46.76
206,212,Auxerre,French Ligue 1,1.35,1.31,46.63
207,198,Estoril Praia,Portuguese Liga,1.21,1.17,46.61
208,210,Bordeaux,French Ligue 2,1.26,1.22,46.6
209,197,Chaves,Portuguese Liga,1.34,1.3,46.56
210,211,FC Cincinnati,Major League Soccer,1.64,1.63,46.27
211,213,Huracán,Argentina Primera Division,1.11,1.08,46.05
212,215,Spezia,Italy Serie A,1.4,1.4,45.97
213,220,Stoke City,English League Championship,1.26,1.24,45.96
214,226,FC Nordsjaelland,Danish SAS-Ligaen,1.33,1.33,45.68
215,209,Basel,Swiss Raiffeisen Super League,1.43,1.44,45.65
216,218,Los Angeles Galaxy,Major League Soccer,1.61,1.63,45.65
217,216,Parma,Italy Serie B,1.26,1.26,45.61
218,217,FK Austria Vienna,Austrian T-Mobile Bundesliga,1.44,1.46,45.52
219,227,Go Ahead Eagles,Dutch Eredivisie,1.5,1.52,45.46
220,222,Boavista,Portuguese Liga,1.28,1.29,45.34
221,208,Urawa Red Diamonds,Japanese J League,1.32,1.34,45.24
222,219,Apollon Limassol,UEFA Europa Conference League,1.24,1.26,45.08
223,195,Sochi,Russian Premier Liga,1.42,1.46,45.0
224,225,Rio Ave,Portuguese Liga,1.3,1.33,44.94
225,221,Levante,Spanish Segunda Division,1.2,1.23,44.88
226,229,Swansea City,English League Championship,1.3,1.33,44.87
227,230,Queens Park Rangers,English League Championship,1.24,1.27,44.86
228,224,León,Mexican Primera Division Torneo Apertura,1.39,1.44,44.81
229,231,Casa Pia,Portuguese Liga,1.16,1.19,44.73
230,242,Velez Sarsfield,Argentina Primera Division,1.14,1.17,44.69
231,232,Atlanta United FC,Major League Soccer,1.48,1.55,44.44
232,264,Standard Liege,Belgian Jupiler League,1.33,1.39,44.33
233,233,Talleres de Córdoba,Argentina Primera Division,1.21,1.26,44.2
234,263,Hammarby,Swedish Allsvenskan,1.52,1.61,44.2
235,223,Toluca,Mexican Primera Division Torneo Apertura,1.51,1.59,44.18
236,234,Atlas,Mexican Primera Division Torneo Apertura,1.23,1.29,44.16
237,235,Pumas Unam,Mexican Primera Division Torneo Apertura,1.29,1.36,44.15
238,239,Nashville SC,Major League Soccer,1.35,1.43,43.99
239,244,Hamburg SV,German 2. Bundesliga,1.44,1.54,43.89
240,241,Birmingham,English League Championship,1.18,1.26,43.72
241,245,St Etienne,French Ligue 2,1.42,1.52,43.62
242,247,Racing Club,Argentina Primera Division,1.21,1.3,43.43
243,237,Genoa,Italy Serie B,1.18,1.26,43.41
244,228,St Gallen,Swiss Raiffeisen Super League,1.58,1.72,43.32
245,249,CA Independiente,Argentina Primera Division,1.09,1.17,43.29
246,238,Terek Grozny,Russian Premier Liga,1.24,1.35,43.19
247,252,Emmen,Dutch Eredivisie,1.26,1.37,43.18
248,251,Cercle Brugge,Belgian Jupiler League,1.38,1.51,43.17
249,258,FC Arouca,Portuguese Liga,1.15,1.24,43.17
250,250,FC Groningen,Dutch Eredivisie,1.37,1.49,43.1
251,289,Djurgardens IF,Swedish Allsvenskan,1.33,1.46,42.94
252,253,Sochaux,French Ligue 2,1.15,1.25,42.92
253,257,Kayserispor,Turkish Turkcell Super Lig,1.3,1.43,42.9
254,255,New York Red Bulls,Major League Soccer,1.17,1.29,42.85
255,240,PAOK Salonika,Greek Super League,1.15,1.26,42.72
256,236,Tigre,Argentina Primera Division,1.26,1.39,42.67
257,254,Preston North End,English League Championship,1.11,1.22,42.62
258,256,Goiás,Brasileiro Série A,1.24,1.37,42.57
259,259,Puebla,Mexican Primera Division Torneo Apertura,1.3,1.44,42.54
260,246,Austin FC,Major League Soccer,1.45,1.61,42.52
261,294,FC Volendam,Dutch Eredivisie,1.46,1.62,42.48
262,248,Cuiaba,Brasileiro Série A,1.06,1.17,42.46
263,274,Atlético Goianiense,Brasileiro Série A,1.18,1.31,42.46
264,261,AEK Larnaca,UEFA Europa League,1.14,1.26,42.41
265,309,BK Hacken,Swedish Allsvenskan,1.55,1.73,42.41
266,262,San Lorenzo,Argentina Primera Division,0.98,1.09,42.3
267,268,Las Palmas,Spanish Segunda Division,0.98,1.08,42.28
268,280,Alanyaspor,Turkish Turkcell Super Lig,1.45,1.63,42.19
269,324,Viborg,Danish SAS-Ligaen,1.22,1.37,42.13
270,273,Granada,Spanish Segunda Division,1.07,1.2,42.03
271,272,Brondby,Danish SAS-Ligaen,1.38,1.56,42.0
272,276,Ludogorets,UEFA Europa League,1.29,1.47,41.78
273,288,St. Truidense,Belgian Jupiler League,1.1,1.25,41.73
274,260,CFR 1907 Cluj,UEFA Europa Conference League,1.23,1.4,41.69
275,278,Frosinone,Italy Serie B,1.17,1.35,41.4
276,310,IF Elfsborg,Swedish Allsvenskan,1.4,1.61,41.36
277,287,Blackburn,English League Championship,1.1,1.26,41.32
278,243,Coventry City,English League Championship,1.13,1.3,41.23
279,357,Mamelodi Sundowns,South African ABSA Premier League,1.19,1.38,41.21
280,316,Antalyaspor,Turkish Turkcell Super Lig,1.33,1.54,41.15
281,305,Le Havre,French Ligue 2,1.06,1.24,41.02
282,318,Blackpool,English League Championship,1.27,1.49,40.96
283,281,Tijuana,Mexican Primera Division Torneo Apertura,1.26,1.48,40.9
284,283,Sporting Kansas City,Major League Soccer,1.23,1.44,40.77
285,285,Columbus Crew,Major League Soccer,1.24,1.47,40.66
286,286,Orlando City SC,Major League Soccer,1.25,1.48,40.66
287,265,Sanfrecce Hiroshima,Japanese J League,1.3,1.53,40.66
288,279,Krylia Sovetov,Russian Premier Liga,1.13,1.33,40.57
289,304,Sporting de Charleroi,Belgian Jupiler League,1.39,1.64,40.53
290,270,Gazisehir Gaziantep,Turkish Turkcell Super Lig,1.24,1.46,40.52
291,290,FC Dallas,Major League Soccer,1.21,1.43,40.46
292,266,Cagliari,Italy Serie B,1.16,1.38,40.45
293,275,Fortuna Sittard,Dutch Eredivisie,1.36,1.62,40.45
294,336,Hibernian,Scottish Premiership,1.12,1.33,40.42
295,292,Boca Juniors,Argentina Primera Division,1.03,1.22,40.4
296,293,Necaxa,Mexican Primera Division Torneo Apertura,1.17,1.39,40.38
297,267,Wolfsberger AC,Austrian T-Mobile Bundesliga,1.64,1.94,40.33
298,319,Maritimo,Portuguese Liga,1.22,1.45,40.32
299,312,WSG Swarovski Wattens,Austrian T-Mobile Bundesliga,1.55,1.84,40.3
300,302,Sunderland,English League Championship,1.12,1.34,40.28
301,296,SC Paderborn,German 2. Bundesliga,1.33,1.59,40.25
302,271,Sheffield Wednesday,English League One,1.29,1.54,40.24
303,295,Valerenga,Norwegian Tippeligaen,1.44,1.72,40.14
304,326,FC Luzern,Swiss Raiffeisen Super League,1.38,1.66,40.1
305,269,Fatih Karagümrük,Turkish Turkcell Super Lig,1.34,1.6,40.06
306,300,Portland Timbers,Major League Soccer,1.48,1.77,39.97
307,291,Aberdeen,Scottish Premiership,1.29,1.56,39.84
308,301,Vissel Kobe,Japanese J League,1.09,1.32,39.84
309,284,KVC Westerlo,Belgian Jupiler League,1.38,1.67,39.76
310,307,Seattle Sounders FC,Major League Soccer,1.25,1.52,39.74
311,303,Bristol City,English League Championship,1.22,1.49,39.69
312,322,Hearts,Scottish Premiership,1.33,1.61,39.64
313,297,SV Darmstadt 98,German 2. Bundesliga,1.33,1.62,39.58
314,298,Newell's Old Boys,Argentina Primera Division,0.97,1.2,39.48
315,277,Randers FC,Danish SAS-Ligaen,1.25,1.53,39.48
316,325,Kashima Antlers,Japanese J League,1.23,1.52,39.41
317,321,Kasimpasa,Turkish Turkcell Super Lig,1.31,1.6,39.4
318,311,Eibar,Spanish Segunda Division,0.99,1.23,39.37
319,282,Metz,French Ligue 2,1.18,1.46,39.32
320,308,Rosario Central,Argentina Primera Division,1.07,1.32,39.25
321,315,Charlotte FC,Major League Soccer,1.29,1.59,39.23
322,299,FC Tokyo,Japanese J League,1.21,1.5,39.09
323,344,Cardiff City,English League Championship,0.96,1.21,38.92
324,320,Real Salt Lake,Major League Soccer,1.19,1.49,38.87
325,323,New England Revolution,Major League Soccer,1.34,1.67,38.77
326,363,FC Zurich,Swiss Raiffeisen Super League,1.25,1.57,38.73
327,354,Gazovik Orenburg,Russian Premier Liga,1.33,1.66,38.64
328,327,Chicago Fire,Major League Soccer,1.28,1.61,38.63
329,337,Fortuna Düsseldorf,German 2. Bundesliga,1.19,1.51,38.59
330,328,Minnesota United FC,Major League Soccer,1.34,1.68,38.57
331,306,Pacos Ferreira,Portuguese Liga,1.07,1.36,38.49
332,338,Reading,English League Championship,1.08,1.38,38.47
333,314,SK Austria Klagenfurt,Austrian T-Mobile Bundesliga,1.39,1.74,38.47
334,340,FC St. Pauli,German 2. Bundesliga,1.25,1.58,38.45
335,330,Querétaro,Mexican Primera Division Torneo Apertura,1.17,1.49,38.36
336,332,Colorado Rapids,Major League Soccer,1.32,1.68,38.3
337,335,Estudiantes,Argentina Primera Division,1.16,1.49,38.16
338,339,Ipswich Town,English League One,1.22,1.56,38.09
339,329,Coritiba,Brasileiro Série A,1.11,1.43,38.0
340,333,Wigan,English League Championship,1.06,1.37,37.98
341,317,Sivasspor,Turkish Turkcell Super Lig,1.15,1.49,37.91
342,342,Omonia Nicosia,UEFA Europa League,1.23,1.58,37.81
343,341,FC Juárez,Mexican Primera Division Torneo Apertura,0.96,1.26,37.79
344,331,Excelsior,Dutch Eredivisie,1.32,1.71,37.6
345,352,AGF Aarhus,Danish SAS-Ligaen,1.04,1.37,37.58
346,334,Lokomotiv Moscow,Russian Premier Liga,1.18,1.54,37.46
347,346,Cambuur Leeuwarden,Dutch Eredivisie,1.27,1.67,37.4
348,313,Lillestrom,Norwegian Tippeligaen,1.15,1.52,37.37
349,370,Odense BK,Danish SAS-Ligaen,1.15,1.51,37.37
350,349,OH Leuven,Belgian Jupiler League,1.32,1.72,37.32
351,347,KV Mechelen,Belgian Jupiler League,1.4,1.82,37.29
352,379,Malmo FF,Swedish Allsvenskan,1.17,1.56,37.05
353,343,Slovan Bratislava,UEFA Europa Conference League,1.07,1.44,36.89
354,353,Caen,French Ligue 2,1.07,1.45,36.79
355,362,Alavés,Spanish Segunda Division,0.98,1.33,36.76
356,356,Paris FC,French Ligue 2,0.96,1.31,36.65
357,350,Karlsruher SC,German 2. Bundesliga,1.27,1.69,36.64
358,358,Union Santa Fe,Argentina Primera Division,1.01,1.39,36.5
359,372,Motherwell,Scottish Premiership,1.09,1.49,36.46
360,389,Ural Sverdlovsk Oblast,Russian Premier Liga,1.02,1.41,36.36
361,355,Servette,Swiss Raiffeisen Super League,1.16,1.57,36.35
362,367,Huddersfield Town,English League Championship,1.0,1.38,36.34
363,360,Cerezo Osaka,Japanese J League,1.07,1.47,36.32
364,361,Ternana,Italy Serie B,1.21,1.65,36.3
365,364,Mazatlán FC,Mexican Primera Division Torneo Apertura,1.03,1.42,36.26
366,412,Ascoli,Italy Serie B,0.99,1.38,36.23
367,366,Amiens,French Ligue 2,0.93,1.3,36.04
368,351,Aris Salonika,Greek Super League,0.93,1.3,36.02
369,376,Brescia,Italy Serie B,1.09,1.51,35.99
370,369,Lanus,Argentina Primera Division,1.01,1.41,35.79
371,368,Inter Miami CF,Major League Soccer,1.27,1.75,35.67
372,373,Atlético San Luis,Mexican Primera Division Torneo Apertura,1.03,1.46,35.51
373,345,F.B.C Unione Venezia,Italy Serie B,1.12,1.57,35.45
374,377,Sporting Gijón,Spanish Segunda Division,0.92,1.32,35.42
375,359,Melbourne City,Australian A-League,1.24,1.73,35.33
376,365,Juventude,Brasileiro Série A,1.02,1.45,35.32
377,374,Derby County,English League One,1.09,1.54,35.21
378,382,Vancouver Whitecaps,Major League Soccer,1.15,1.62,35.19
379,383,Toronto FC,Major League Soccer,1.31,1.83,35.17
380,348,AaB,Danish SAS-Ligaen,1.12,1.59,35.16
381,398,Real Zaragoza,Spanish Segunda Division,0.87,1.27,35.11
382,386,San Jose Earthquakes,Major League Soccer,1.3,1.82,35.06
383,400,FC Lugano,Swiss Raiffeisen Super League,1.24,1.75,34.94
384,390,Sarmiento,Argentina Primera Division,0.99,1.44,34.88
385,391,Guingamp,French Ligue 2,1.06,1.53,34.85
386,371,FC Cartagena,Spanish Segunda Division,0.97,1.41,34.84
387,401,Colon Santa Fe,Argentina Primera Division,1.09,1.57,34.83
388,410,Nagoya Grampus Eight,Japanese J League,0.87,1.28,34.78
389,378,Benevento,Italy Serie B,0.94,1.38,34.73
390,407,Plymouth Argyle,English League One,1.18,1.69,34.62
391,395,Defensa y Justicia,Argentina Primera Division,1.02,1.49,34.58
392,393,Platense,Argentina Primera Division,0.86,1.28,34.58
393,396,Gimnasia La Plata,Argentina Primera Division,0.85,1.28,34.47
394,397,Pisa,Italy Serie B,1.08,1.58,34.47
395,392,Bari,Italy Serie B,1.07,1.57,34.39
396,385,Tenerife,Spanish Segunda Division,0.86,1.29,34.37
397,388,Holstein Kiel,German 2. Bundesliga,1.3,1.86,34.34
398,399,AIK,Swedish Allsvenskan,1.11,1.62,34.31
399,413,Avaí,Brasileiro Série A,1.01,1.49,34.26
400,375,Livingston,Scottish Premiership,0.94,1.41,34.22
401,404,Patronato,Argentina Primera Division,0.99,1.48,34.15
402,381,Real Oviedo,Spanish Segunda Division,0.83,1.27,34.12
403,394,SD Huesca,Spanish Segunda Division,0.87,1.32,34.1
404,416,Sarpsborg,Norwegian Tippeligaen,1.35,1.94,33.95
405,403,Ballkani,UEFA Europa Conference League,1.21,1.78,33.78
406,384,Grasshoppers Zürich,Swiss Raiffeisen Super League,1.38,1.99,33.74
407,429,Arsenal Sarandi,Argentina Primera Division,0.88,1.35,33.74
408,402,Central Córdoba Santiago del Estero,Argentina Primera Division,0.99,1.51,33.57
409,427,Austria Lustenau,Austrian T-Mobile Bundesliga,1.13,1.69,33.56
410,422,Barracas Central,Argentina Primera Division,0.99,1.51,33.5
411,406,Leganes,Spanish Segunda Division,0.84,1.31,33.49
412,405,Hull City,English League Championship,1.01,1.54,33.43
413,414,Houston Dynamo,Major League Soccer,1.23,1.83,33.4
414,448,Ankaragucu,Turkish Turkcell Super Lig,1.1,1.67,33.27
415,408,Spal,Italy Serie B,1.04,1.58,33.24
416,424,Reggina,Italy Serie B,0.94,1.45,33.21
417,380,Volos NFC,Greek Super League,1.07,1.63,33.19
418,418,Grenoble,French Ligue 2,0.84,1.32,33.08
419,420,1. FC Heidenheim 1846,German 2. Bundesliga,1.01,1.55,33.05
420,417,Rigas Futbola Skola,UEFA Europa Conference League,1.17,1.78,32.78
421,423,Dijon FCO,French Ligue 2,0.97,1.52,32.78
422,419,FK Nizhny Novgorod,Russian Premier Liga,0.94,1.48,32.71
423,425,Banfield,Argentina Primera Division,0.84,1.35,32.64
424,415,Arminia Bielefeld,German 2. Bundesliga,1.09,1.69,32.57
425,411,FC Sion,Swiss Raiffeisen Super League,1.18,1.81,32.52
426,387,Sagan Tosu,Japanese J League,1.01,1.59,32.52
427,440,Consadole Sapporo,Japanese J League,1.15,1.78,32.39
428,430,Atlético Tucumán,Argentina Primera Division,0.9,1.46,32.24
429,409,Fakel Voronezh,Russian Premier Liga,1.01,1.61,31.99
430,421,AC Horsens,Danish SAS-Ligaen,0.93,1.51,31.9
431,446,Burgos,Spanish Segunda Division,0.72,1.23,31.78
432,437,Zalgiris Vilnius,UEFA Europa Conference League,1.11,1.77,31.72
433,444,St Johnstone,Scottish Premiership,0.87,1.45,31.59
434,443,Hannover 96,German 2. Bundesliga,1.04,1.68,31.47
435,445,SV Ried,Austrian T-Mobile Bundesliga,0.96,1.58,31.4
436,465,Odd BK,Norwegian Tippeligaen,1.13,1.81,31.32
437,431,Kalmar FF,Swedish Allsvenskan,0.94,1.56,31.32
438,441,Valenciennes,French Ligue 2,0.78,1.35,31.13
439,474,Cittadella,Italy Serie B,0.75,1.3,31.03
440,428,Viking FK,Norwegian Tippeligaen,1.25,1.99,31.0
441,442,Cashpoint SC Rheindorf Altach,Austrian T-Mobile Bundesliga,1.15,1.85,30.97
442,434,Kashiwa Reysol,Japanese J League,1.01,1.68,30.94
443,460,KV Oostende,Belgian Jupiler League,1.09,1.77,30.94
444,454,SpVgg Greuther Fürth,German 2. Bundesliga,1.08,1.77,30.84
445,473,FC Andorra,Spanish Segunda Division,0.81,1.41,30.72
446,455,FC Vaduz,Swiss Raiffeisen Super League,0.99,1.65,30.72
447,451,KV Kortrijk,Belgian Jupiler League,1.03,1.71,30.7
448,468,Sydney FC,Australian A-League,1.22,1.98,30.64
449,426,St Mirren,Scottish Premiership,0.88,1.52,30.59
450,436,Rotherham United,English League Championship,0.95,1.61,30.58
451,433,Dundee Utd,Scottish Premiership,0.91,1.56,30.49
452,435,Shimizu S-Pulse,Japanese J League,1.06,1.77,30.38
453,438,Hatayspor,Turkish Turkcell Super Lig,1.05,1.76,30.34
454,463,Peterborough United,English League One,1.05,1.76,30.33
455,484,Shonan Bellmare,Japanese J League,0.74,1.34,30.26
456,439,Tromso,Norwegian Tippeligaen,1.08,1.81,30.17
457,447,1. FC Nürnberg,German 2. Bundesliga,0.94,1.62,30.12
458,471,Haugesund,Norwegian Tippeligaen,1.04,1.77,30.07
459,458,Godoy Cruz,Argentina Primera Division,0.85,1.49,30.06
460,432,Hartberg,Austrian T-Mobile Bundesliga,1.09,1.84,30.05
461,456,Mirandes,Spanish Segunda Division,0.87,1.52,30.02
462,457,Tampa Bay Rowdies,United Soccer League,1.02,1.74,29.93
463,450,Barnsley,English League One,0.89,1.57,29.88
464,461,Nimes,French Ligue 2,0.94,1.63,29.87
465,462,Bastia,French Ligue 2,0.83,1.48,29.76
466,449,Portsmouth,English League One,0.98,1.71,29.62
467,453,Stromsgodset,Norwegian Tippeligaen,1.1,1.88,29.61
468,466,Laval,French Ligue 2,1.0,1.74,29.54
469,467,DC United,Major League Soccer,1.08,1.85,29.47
470,469,Racing Santander,Spanish Segunda Division,0.76,1.4,29.44
471,459,Kilmarnock,Scottish Premiership,0.87,1.57,29.4
472,470,Albacete,Spanish Segunda Division,0.81,1.49,29.0
473,472,Giresunspor,Turkish Turkcell Super Lig,0.88,1.62,28.69
474,452,FC Khimki,Russian Premier Liga,0.97,1.75,28.6
475,483,HJK Helsinki,UEFA Europa League,0.92,1.7,28.3
476,478,Louisville City FC,United Soccer League,0.94,1.73,28.29
477,488,Avispa Fukuoka,Japanese J League,0.76,1.46,28.24
478,481,Guangzhou Evergrande,Chinese Super League,1.08,1.93,28.19
479,482,Lugo,Spanish Segunda Division,0.8,1.55,27.83
480,492,Istanbulspor,Turkish Turkcell Super Lig,0.92,1.73,27.76
481,493,Málaga,Spanish Segunda Division,0.77,1.51,27.71
482,464,Modena,Italy Serie B,0.95,1.78,27.7
483,486,Pau,French Ligue 2,0.81,1.58,27.67
484,501,Gamba Osaka,Japanese J League,0.81,1.59,27.5
485,490,Umraniyespor,Turkish Turkcell Super Lig,0.9,1.73,27.22
486,476,SD Ponferradina,Spanish Segunda Division,0.87,1.7,27.17
487,494,RFC Seraing,Belgian Jupiler League,0.9,1.74,27.13
488,487,Asteras Tripolis,Greek Super League,0.74,1.5,27.11
489,495,Villarreal B,Spanish Segunda Division,0.82,1.63,27.09
490,480,IFK Norrkoping,Swedish Allsvenskan,0.98,1.85,27.04
491,499,Panetolikos,Greek Super League,0.8,1.6,26.92
492,498,Charlton Athletic,English League One,0.95,1.83,26.9
493,485,UD Ibiza,Spanish Segunda Division,0.78,1.58,26.89
494,475,IFK Goteborg,Swedish Allsvenskan,0.97,1.85,26.87
495,500,Torpedo Moskow,Russian Premier Liga,0.76,1.54,26.86
496,502,Sudtirol,Italy Serie B,0.81,1.63,26.81
497,520,Oxford United,English League One,0.94,1.82,26.71
498,479,Bolton,English League One,0.81,1.64,26.64
499,496,Ross County,Scottish Premiership,0.83,1.67,26.47
500,497,Jahn Regensburg,German 2. Bundesliga,0.89,1.78,26.13
501,477,Wycombe Wanderers,English League One,0.87,1.75,26.13
502,505,Eupen,Belgian Jupiler League,1.05,2.02,26.06
503,508,1. FC Kaiserslautern,German 2. Bundesliga,0.9,1.81,26.01
504,507,Birmingham Legion FC,United Soccer League,1.03,2.01,25.82
505,489,SV Zulte Waregem,Belgian Jupiler League,1.08,2.08,25.7
506,509,Melbourne Victory,Australian A-League,0.91,1.84,25.69
507,491,Perugia,Italy Serie B,0.75,1.61,25.55
508,528,Kristiansund BK,Norwegian Tippeligaen,1.08,2.09,25.55
509,504,Atromitos,Greek Super League,0.77,1.64,25.47
510,506,Kyoto Purple Sanga,Japanese J League,0.67,1.49,25.47
511,517,Hansa Rostock,German 2. Bundesliga,0.86,1.78,25.35
512,523,Mjallby,Swedish Allsvenskan,0.77,1.67,25.11
513,511,US Quevilly,French Ligue 2,0.78,1.68,25.07
514,510,Como,Italy Serie B,0.92,1.9,24.99
515,512,Beijing Guoan,Chinese Super League,0.98,1.99,24.95
516,513,Annecy,French Ligue 2,0.7,1.57,24.93
517,516,San Antonio FC,United Soccer League,0.77,1.68,24.79
518,515,Ionikos FC,Greek Super League,0.86,1.83,24.53
519,527,Palermo,Italy Serie B,0.78,1.73,24.32
520,518,Shanghai SIPG,Chinese Super League,0.9,1.92,24.26
521,519,Rodez,French Ligue 2,0.64,1.51,24.19
522,514,Lyngby,Danish SAS-Ligaen,0.86,1.86,24.17
523,521,San Diego Loyal SC,United Soccer League,1.03,2.12,24.08
524,525,OFI Crete,Greek Super League,0.76,1.75,23.55
525,503,Aalesund,Norwegian Tippeligaen,0.75,1.74,23.5
526,531,Pyunik Yerevan,UEFA Europa Conference League,0.87,1.92,23.49
527,522,Memphis 901 FC,United Soccer League,0.86,1.92,23.24
528,534,Hamarkamaratene,Norwegian Tippeligaen,0.71,1.71,23.01
529,536,Milton Keynes Dons,English League One,0.71,1.71,22.99
530,533,SV Sandhausen,German 2. Bundesliga,0.76,1.79,22.87
531,526,Lincoln City,English League One,0.74,1.78,22.73
532,529,Sacramento Republic FC,United Soccer League,0.74,1.78,22.72
533,524,SuperSport United,South African ABSA Premier League,0.73,1.76,22.68
534,535,Giannina,Greek Super League,0.76,1.81,22.64
535,530,Eintracht Braunschweig,German 2. Bundesliga,0.79,1.87,22.37
536,537,Kaizer Chiefs,South African ABSA Premier League,0.69,1.72,22.35
537,543,Winterthur,Swiss Raiffeisen Super League,0.74,1.82,22.11
538,539,Pittsburgh Riverhounds,United Soccer League,0.73,1.83,21.76
539,532,Jubilo Iwata,Japanese J League,0.78,1.91,21.6
540,541,Niort,French Ligue 2,0.68,1.77,21.4
541,540,IK Sirius,Swedish Allsvenskan,0.71,1.82,21.3
542,544,Aldosivi,Argentina Primera Division,0.68,1.77,21.25
543,542,Cosenza,Italy Serie B,0.7,1.81,21.15
544,538,Levadiakos,Greek Super League,0.67,1.77,21.08
545,548,Western Sydney FC,Australian A-League,0.78,1.96,20.82
546,549,Shamrock Rovers,UEFA Europa Conference League,0.71,1.85,20.8
547,545,Rio Grande Valley FC Toros,United Soccer League,0.69,1.83,20.75
548,555,Adelaide United,Australian A-League,0.83,2.06,20.66
549,546,New Mexico United,United Soccer League,0.75,1.93,20.65
550,552,Shrewsbury Town,English League One,0.6,1.7,20.49
551,550,Exeter City,English League One,0.82,2.09,20.25
552,551,Colorado Springs Switchbacks FC,United Soccer League,0.76,2.02,19.83
553,553,IFK Värnamo,Swedish Allsvenskan,0.7,1.92,19.79
554,561,Bristol Rovers,English League One,0.84,2.17,19.49
555,557,Oakland Roots,United Soccer League,0.74,2.0,19.47
556,556,Miami FC,United Soccer League,0.66,1.87,19.4
557,547,Orlando Pirates,South African ABSA Premier League,0.47,1.53,19.31
558,558,1. FC Magdeburg,German 2. Bundesliga,0.76,2.07,19.1
559,568,Fleetwood Town,English League One,0.59,1.8,18.68
560,559,Degerfors IF,Swedish Allsvenskan,0.68,1.96,18.59
561,562,Shandong Luneng,Chinese Super League,0.82,2.22,18.5
562,564,Jiangsu Suning FC,Chinese Super League,0.71,2.04,18.37
563,560,Sandefjord,Norwegian Tippeligaen,0.91,2.4,18.12
564,554,Western United,Australian A-League,0.78,2.18,18.07
565,565,Lamia,Greek Super League,0.37,1.46,17.82
566,563,Newcastle Jets,Australian A-League,0.73,2.13,17.7
567,567,Arizona United,United Soccer League,0.8,2.25,17.67
568,578,Central Coast Mariners,Australian A-League,0.8,2.27,17.56
569,566,Salford City,English League Two,0.54,1.81,17.47
570,572,Leyton Orient,English League Two,0.55,1.83,17.45
571,585,Swindon Town,English League Two,0.64,2.0,17.41
572,570,Black Aces,South African ABSA Premier League,0.49,1.73,17.37
573,575,Port Vale,English League One,0.62,1.96,17.32
574,573,Detroit City FC,United Soccer League,0.51,1.85,16.31
575,574,El Paso Locomotive FC,United Soccer League,0.69,2.18,16.27
576,571,Northampton Town,English League Two,0.59,2.01,16.21
577,583,FK Jerv,Norwegian Tippeligaen,0.72,2.31,15.62
578,569,Mansfield Town,English League Two,0.66,2.19,15.53
579,577,Stellenbosch FC,South African ABSA Premier League,0.43,1.79,15.16
580,588,Wellington Phoenix,Australian A-League,0.69,2.29,15.15
581,580,Cheltenham Town,English League One,0.53,2.01,14.95
582,582,Orange County SC,United Soccer League,0.57,2.08,14.94
583,586,Golden Arrows,South African ABSA Premier League,0.49,1.92,14.89
584,579,Macarthur FC,Australian A-League,0.69,2.33,14.77
585,576,Varbergs BoIS FC,Swedish Allsvenskan,0.64,2.24,14.71
586,590,Burton Albion,English League One,0.63,2.25,14.43
587,589,Hartford Athletic,United Soccer League,0.73,2.48,14.01
588,584,Brisbane Roar,Australian A-League,0.51,2.05,13.98
589,596,Cambridge United,English League One,0.53,2.1,13.89
590,591,AmaZulu,South African ABSA Premier League,0.3,1.65,13.49
591,594,Chippa United,South African ABSA Premier League,0.42,1.92,13.47
592,581,Accrington Stanley,English League One,0.57,2.24,13.32
593,593,Tulsa Roughnecks,United Soccer League,0.66,2.46,12.98
594,597,Stevenage,English League Two,0.43,2.05,12.47
595,592,Doncaster Rovers,English League Two,0.46,2.12,12.32
596,587,Tranmere Rovers,English League Two,0.35,1.89,12.29
597,598,Monterey Bay,United Soccer League,0.5,2.23,12.2
598,595,Bradford City,English League Two,0.37,1.95,12.12
599,599,Royal AM,South African ABSA Premier League,0.45,2.13,12.11
600,600,Sekhukhune United,South African ABSA Premier League,0.3,1.78,12.09
601,608,Richards Bay,South African ABSA Premier League,0.3,1.79,12.02
602,601,Tianjin Teda,Chinese Super League,0.5,2.26,11.8
603,621,Stockport County,English League Two,0.45,2.15,11.78
604,604,Moroka Swallows,South African ABSA Premier League,0.38,2.03,11.61
605,602,Morecambe,English League One,0.44,2.19,11.42
606,606,Shanghai Greenland,Chinese Super League,0.56,2.47,11.13
607,603,Forest Green Rovers,English League One,0.46,2.26,11.09
608,610,LA Galaxy II,United Soccer League,0.57,2.51,10.91
609,609,TS Galaxy,South African ABSA Premier League,0.2,1.68,10.82
610,611,Tshakhuma Tsha Madzivhandila,South African ABSA Premier League,0.2,1.68,10.79
611,612,Hebei China Fortune FC,Chinese Super League,0.5,2.43,10.52
612,607,Perth Glory,Australian A-League,0.44,2.28,10.48
613,613,Henan Jianye,Chinese Super League,0.46,2.36,10.34
614,605,Helsingborgs IF,Swedish Allsvenskan,0.39,2.22,10.17
615,622,Carlisle United,English League Two,0.33,2.09,10.09
616,616,Charleston Battery,United Soccer League,0.58,2.65,10.05
617,617,Dalian Aerbin,Chinese Super League,0.51,2.51,9.96
618,615,Colchester United,English League Two,0.35,2.15,9.92
619,630,Barrow,English League Two,0.31,2.06,9.87
620,619,Guangzhou RF,Chinese Super League,0.66,2.86,9.74
621,620,Indy Eleven,United Soccer League,0.43,2.38,9.67
622,625,AFC Wimbledon,English League Two,0.4,2.33,9.45
623,624,Wuhan Zall,Chinese Super League,0.39,2.32,9.4
624,618,GIF Sundsvall,Swedish Allsvenskan,0.57,2.74,9.28
625,614,Grimsby Town,English League Two,0.26,2.07,8.94
626,626,Las Vegas Lights FC,United Soccer League,0.34,2.28,8.73
627,636,Walsall,English League Two,0.24,2.06,8.61
628,623,Maritzburg Utd,South African ABSA Premier League,0.2,1.95,8.57
629,629,Newport County,English League Two,0.25,2.1,8.54
630,635,Crawley Town,English League Two,0.38,2.47,8.24
631,627,Sutton United,English League Two,0.28,2.22,8.24
632,631,Gillingham,English League Two,0.2,2.03,7.99
633,632,Tianjin Quanujian,Chinese Super League,0.37,2.51,7.83
634,633,Shenzhen FC,Chinese Super League,0.4,2.6,7.73
635,634,Chongqing Lifan,Chinese Super League,0.3,2.35,7.66
636,628,Crewe Alexandra,English League Two,0.22,2.19,7.36
637,637,Rochdale,English League Two,0.21,2.21,7.1
638,638,Atlanta United 2,United Soccer League,0.48,3.01,6.47
639,640,Loudoun United FC,United Soccer League,0.33,2.75,5.86
640,639,Harrogate Town,English League Two,0.22,2.49,5.7
641,641,Hartlepool,English League Two,0.2,2.52,5.26
642,642,Guizhou Renhe,Chinese Super League,0.2,2.61,4.86
643,643,New York Red Bulls II,United Soccer League,0.2,2.82,4.03
